"FullName","Name","Length","LastWriteTime"
"C:\Users\Kyle Cao\Downloads\~WRL0003.tmp","~WRL0003.tmp","64728","9/25/2025 8:36:02 PM"
"C:\Users\Kyle Cao\Downloads\~WRL0075.tmp","~WRL0075.tmp","31638","10/22/2024 8:31:17 PM"
"C:\Users\Kyle Cao\Downloads\~WRL0539.tmp","~WRL0539.tmp","31426","1/20/2025 1:28:00 PM"
"C:\Users\Kyle Cao\Downloads\~WRL0981.tmp","~WRL0981.tmp","1766794","11/3/2025 2:50:42 PM"
"C:\Users\Kyle Cao\Downloads\251128-2-PC-xB7Bz.7z","251128-2-PC-xB7Bz.7z","541176821","11/28/2025 4:43:30 PM"
"C:\Users\Kyle Cao\Downloads\25908-3-PC-iznBs.7z","25908-3-PC-iznBs.7z","343243525","11/28/2025 4:41:54 PM"
"C:\Users\Kyle Cao\Downloads\ACOR_v1.7-1_Released.CT","ACOR_v1.7-1_Released.CT","323089","3/18/2024 4:46:44 AM"
"C:\Users\Kyle Cao\Downloads\Assassin’s Creed® Origins - InventoryEditor v1.51_v1.CT","Assassin’s Creed® Origins - InventoryEditor v1.51_v1.CT","85709","5/19/2019 4:37:33 PM"
"C:\Users\Kyle Cao\Downloads\basic-miktex-24.1-x64.exe","basic-miktex-24.1-x64.exe","144785672","9/16/2025 11:57:59 PM"
"C:\Users\Kyle Cao\Downloads\Bloody.Spell.Early.Access.Plus.12.Trainer.x64.Updated.2020.01.02-FLiNG.rar","Bloody.Spell.Early.Access.Plus.12.Trainer.x64.Updated.2020.01.02-FLiNG.rar","692751","6/14/2025 2:58:28 PM"
"C:\Users\Kyle Cao\Downloads\Claude Setup.exe","Claude Setup.exe","6706336","2/26/2026 9:06:20 AM"
"C:\Users\Kyle Cao\Downloads\Codex Installer.exe","Codex Installer.exe","1173048","4/23/2026 9:52:02 PM"
"C:\Users\Kyle Cao\Downloads\CursorUserSetup-x64-0.47.8.exe","CursorUserSetup-x64-0.47.8.exe","113085016","3/26/2025 6:32:56 PM"
"C:\Users\Kyle Cao\Downloads\Cyberpunk 2077 Trainer - FLiNG.exe","Cyberpunk 2077 Trainer - FLiNG.exe","144672","6/26/2025 9:04:49 PM"
"C:\Users\Kyle Cao\Downloads\Cyberpunk 2077 v2.0-v2.13 Plus 46 Trainer.exe","Cyberpunk 2077 v2.0-v2.13 Plus 46 Trainer.exe","1555968","6/27/2025 11:50:43 PM"
"C:\Users\Kyle Cao\Downloads\deadcellsfrf.CT","deadcellsfrf.CT","2531","9/6/2025 5:05:29 PM"
"C:\Users\Kyle Cao\Downloads\FateSeeker.CT","FateSeeker.CT","49508577","5/22/2022 5:34:23 AM"
"C:\Users\Kyle Cao\Downloads\game (1).CT","game (1).CT","1103","11/21/2025 11:34:13 PM"
"C:\Users\Kyle Cao\Downloads\game (2).CT","game (2).CT","1103","11/26/2025 3:46:50 PM"
"C:\Users\Kyle Cao\Downloads\game.CT","game.CT","1103","9/17/2025 10:04:29 PM"
"C:\Users\Kyle Cao\Downloads\GoogleDriveSetup (1).exe","GoogleDriveSetup (1).exe","251162776","4/23/2026 5:03:58 PM"
"C:\Users\Kyle Cao\Downloads\GoogleDriveSetup.exe","GoogleDriveSetup.exe","222232728","11/22/2025 2:28:48 PM"
"C:\Users\Kyle Cao\Downloads\guardian-browser-x64 (1).exe","guardian-browser-x64 (1).exe","202124600","12/21/2025 9:12:18 PM"
"C:\Users\Kyle Cao\Downloads\Ho.Tu.Lo.Shu.The.Books.of.Dragon.v1.0-v1.33.Plus.45.Trainer-FLiNG.zip","Ho.Tu.Lo.Shu.The.Books.of.Dragon.v1.0-v1.33.Plus.45.Trainer-FLiNG.zip","1230860","4/6/2025 1:35:27 AM"
"C:\Users\Kyle Cao\Downloads\JH-Win64-Shipping 逸剑风云决1.21.26 20240322.ct","JH-Win64-Shipping 逸剑风云决1.21.26 20240322.ct","14150","1/11/2025 11:27:50 AM"
"C:\Users\Kyle Cao\Downloads\Legend of Mortal v1.0 Plus 44 Trainer Updated 2024.08.11.exe","Legend of Mortal v1.0 Plus 44 Trainer Updated 2024.08.11.exe","1543696","1/31/2025 12:19:45 PM"
"C:\Users\Kyle Cao\Downloads\MX-23.6.1_KDE_x64.iso","MX-23.6.1_KDE_x64.iso","2886729728","9/1/2025 11:13:08 PM"
"C:\Users\Kyle Cao\Downloads\PathOfWuxia.CT","PathOfWuxia.CT","17596","2/28/2026 10:36:54 PM"
"C:\Users\Kyle Cao\Downloads\PC-15664-I482UT.7z","PC-15664-I482UT.7z","1931610939","11/28/2025 4:43:23 PM"
"C:\Users\Kyle Cao\Downloads\pycharm-2025.2.1.exe","pycharm-2025.2.1.exe","1032222128","9/1/2025 11:01:14 PM"
"C:\Users\Kyle Cao\Downloads\Red Dead Redemption 2 v1.0-v1491.50 Plus 12 Trainer.exe","Red Dead Redemption 2 v1.0-v1491.50 Plus 12 Trainer.exe","976384","5/24/2025 11:09:02 AM"
"C:\Users\Kyle Cao\Downloads\Seasons_of_Loss_v1.031_x86.zip","Seasons_of_Loss_v1.031_x86.zip","2910408444","9/18/2025 11:36:04 PM"
"C:\Users\Kyle Cao\Downloads\Seed of the Dead Sweet Home Trainer Setup.exe","Seed of the Dead Sweet Home Trainer Setup.exe","144416","10/6/2023 7:28:23 PM"
"C:\Users\Kyle Cao\Downloads\setup_XiuMaster (1).exe","setup_XiuMaster (1).exe","46734648","7/23/2025 10:14:56 PM"
"C:\Users\Kyle Cao\Downloads\setup_XiuMaster (2).exe","setup_XiuMaster (2).exe","46734648","9/5/2025 6:23:44 AM"
"C:\Users\Kyle Cao\Downloads\setup_XiuMaster (3).exe","setup_XiuMaster (3).exe","46735160","10/8/2025 9:59:42 PM"
"C:\Users\Kyle Cao\Downloads\setup_XiuMaster.exe","setup_XiuMaster.exe","46761664","6/14/2025 2:46:17 PM"
"C:\Users\Kyle Cao\Downloads\Shinkansen Dead Cells V1011.CT","Shinkansen Dead Cells V1011.CT","461239","9/6/2025 5:04:53 PM"
"C:\Users\Kyle Cao\Downloads\Stardew Valley.CT","Stardew Valley.CT","86348","3/10/2025 6:16:40 PM"
"C:\Users\Kyle Cao\Downloads\Stardew Valley_x64.CT","Stardew Valley_x64.CT","167523","3/10/2025 6:17:04 PM"
"C:\Users\Kyle Cao\Downloads\Tale of Immortal Plus 54 Trainer Updated 2023.06.09.exe","Tale of Immortal Plus 54 Trainer Updated 2023.06.09.exe","1580032","5/28/2025 8:57:17 PM"
"C:\Users\Kyle Cao\Downloads\Tenants_of_the_Dead_v2.0.zip","Tenants_of_the_Dead_v2.0.zip","506887684","9/18/2025 11:24:25 PM"
"C:\Users\Kyle Cao\Downloads\The Witcher 3 Wild Hunt v1.0-v4.04 Plus 22 Trainer.exe","The Witcher 3 Wild Hunt v1.0-v4.04 Plus 22 Trainer.exe","1368576","5/21/2025 10:22:42 PM"
"C:\Users\Kyle Cao\Downloads\The_Rural_Homecoming_2_x64_1.0_Release.zip","The_Rural_Homecoming_2_x64_1.0_Release.zip","334187836","9/18/2025 11:47:11 PM"
"C:\Users\Kyle Cao\Downloads\The_Rural_Homecoming_v10_64bit (1).zip","The_Rural_Homecoming_v10_64bit (1).zip","118773435","9/18/2025 11:43:05 PM"
"C:\Users\Kyle Cao\Downloads\The_Rural_Homecoming_v10_64bit.zip","The_Rural_Homecoming_v10_64bit.zip","118773435","9/18/2025 11:42:56 PM"
"C:\Users\Kyle Cao\Downloads\Wulin巴哈用_20230901.CT","Wulin巴哈用_20230901.CT","7480","7/20/2025 11:24:09 PM"
"C:\Users\Kyle Cao\Downloads\逸劍風雲決(V1.23.26) (1).CT","逸劍風雲決(V1.23.26) (1).CT","155198","2/22/2025 7:49:01 PM"
"C:\Users\Kyle Cao\Downloads\金庸群俠傳5 雕塔版(自娱自乐&仙侠&仙狐在桃花源融通测试款).part1.rar","金庸群俠傳5 雕塔版(自娱自乐&仙侠&仙狐在桃花源融通测试款).part1.rar","3145728000","10/11/2025 1:45:58 PM"
"C:\Users\Kyle Cao\Downloads\金庸群俠傳5 雕塔版(自娱自乐&仙侠&仙狐在桃花源融通测试款).part2.rar","金庸群俠傳5 雕塔版(自娱自乐&仙侠&仙狐在桃花源融通测试款).part2.rar","3013578787","10/11/2025 1:46:28 PM"
